Height(inches),Weight (Pounds),Age,Grip Strength,Frailty,BMI,Frailty.binary
65.8,112,30,30,N,18.185345663842725,0
71.5,136,19,31,N,18.70174580664091,0
69.4,153,45,29,N,22.33201006569276,0
68.2,142,22,28,Y,21.46223372692013,1
67.8,144,29,24,Y,22.022084736471147,1
68.7,123,50,26,N,18.32090666971771,0
69.8,141,51,22,Y,20.345276311360333,1
70.1,136,23,20,Y,19.456207862824865,1
67.9,112,17,19,N,17.07787376827657,0
66.8,120,39,31,N,18.905303166122845,0
